{
  "objectInfo" : {
    "id" : "6HMF9I33JxVksaplIs5Tsk",
    "name" : "cn-dolar",
    "type" : "AI_CONNECTION",
    "metadata" : {
      "modelVersion" : {
        "major" : 1,
        "minor" : 0
      },
      "repoInfo" : {
        "repoHandle" : "YMjz8Uuopz4KhPV-gt-1948699-2021-09-22T18:35:29.822Z::conn.xml"
      },
      "contextAttributes" : null,
      "additionalInfo" : {
        "description" : "Conexão responsavel por realizar a interafce com Governo e retornar os valores de cotação de compra e venda do dolar.",
        "contentType" : "application/json; charset=utf-8",
        "documentState" : "VALID"
      }
    }
  },
  "dataFileExtension" : "xml",
  "objectRefs" : [ {
    "id" : "aH9MyDJ6UOxhoq9Q4M9wqg",
    "name" : "sc_dolar",
    "type" : "AI_SERVICE_CONNECTOR",
    "metadata" : {
      "modelVersion" : {
        "major" : 1,
        "minor" : 0
      },
      "repoInfo" : {
        "repoHandle" : "LPXUCZ4nzYLnzYL-gt-1983201-2021-09-22T18:35:29.597Z::svc.xml"
      },
      "contextAttributes" : null,
      "additionalInfo" : {
        "description" : "Service connector reponsavel pelos acessos aos metodos da api de DOLAR do Governo.\nhttps://olinda.bcb.gov.br",
        "contentType" : "application/json; charset=utf-8",
        "documentState" : "VALID"
      }
    },
    "path" : "/Explore/Default/Walterson"
  } ]
}