{
  "objectInfo" : {
    "id" : "gOHnfNBuWkMll3BFznNVgx",
    "name" : "cn-aws-teste",
    "type" : "AI_CONNECTION",
    "metadata" : {
      "modelVersion" : {
        "major" : 1,
        "minor" : 0
      },
      "repoInfo" : {
        "repoHandle" : "rHnJKoJBUhtycot-gt-69726702-2022-01-07T16:46:03.227Z::conn.xml"
      },
      "contextAttributes" : null,
      "additionalInfo" : {
        "description" : "teste",
        "contentType" : "application/json; charset=utf-8",
        "documentState" : "VALID"
      }
    }
  },
  "dataFileExtension" : "xml",
  "objectRefs" : [ ]
}