{
  "objectInfo" : {
    "id" : "aBuu5nSrI9mgXfnKST3qQ9",
    "name" : "cn-send-email",
    "type" : "AI_CONNECTION",
    "metadata" : {
      "modelVersion" : {
        "major" : 1,
        "minor" : 0
      },
      "repoInfo" : {
        "repoHandle" : "BZUuopz4KhPVEQr-gt-1025090-2021-09-22T18:35:31.445Z::conn.xml"
      },
      "contextAttributes" : null,
      "additionalInfo" : {
        "description" : "Teste",
        "contentType" : "application/json; charset=utf-8",
        "documentState" : "VALID"
      }
    }
  },
  "dataFileExtension" : "xml",
  "objectRefs" : [ {
    "id" : "iTZuQm2M0WQjopiM0crC4L",
    "name" : "sc_send_email",
    "type" : "AI_SERVICE_CONNECTOR",
    "metadata" : {
      "modelVersion" : {
        "major" : 1,
        "minor" : 0
      },
      "repoInfo" : {
        "repoHandle" : "rwOQohJvsGRvDIN-gt-1963424-2021-09-22T18:35:31.289Z::svc.xml"
      },
      "contextAttributes" : null,
      "additionalInfo" : {
        "description" : "Service Connectors to send email",
        "contentType" : "application/json; charset=utf-8",
        "documentState" : "VALID"
      }
    },
    "path" : "/Explore/Default/Walterson"
  } ]
}