{
  "objectInfo" : {
    "id" : "3VycHfg7jCmfrIClQi0Ew5",
    "name" : "cn-google-cloud-storage",
    "type" : "AI_CONNECTION",
    "metadata" : {
      "modelVersion" : {
        "major" : 1,
        "minor" : 0
      },
      "repoInfo" : {
        "repoHandle" : "VZ6or3rp3yD7tyG-gt-1983271-2021-09-22T18:35:30.77Z::conn.xml"
      },
      "contextAttributes" : null,
      "additionalInfo" : {
        "description" : "",
        "contentType" : "application/json; charset=utf-8",
        "documentState" : "VALID"
      }
    }
  },
  "dataFileExtension" : "xml",
  "objectRefs" : [ {
    "id" : "jd8CQsLySA1hnnsOnwmvMd",
    "name" : "sc_google_cloud_storage",
    "type" : "AI_SERVICE_CONNECTOR",
    "metadata" : {
      "modelVersion" : {
        "major" : 1,
        "minor" : 0
      },
      "repoInfo" : {
        "repoHandle" : "MghDBr3rp3yD7ty-gt-1948753-2021-09-22T18:35:30.617Z::svc.xml"
      },
      "contextAttributes" : null,
      "additionalInfo" : {
        "description" : "Service Connector for Google Cloud Storage",
        "contentType" : null,
        "documentState" : "VALID"
      }
    },
    "path" : "/Explore/Default/Walterson"
  } ]
}