{
  "objectInfo" : {
    "id" : "5Sak5EstI2PerRtYkOnlMp",
    "name" : "p_get_cotacao_dolar",
    "type" : "PROCESS",
    "metadata" : {
      "modelVersion" : {
        "major" : 1,
        "minor" : 0
      },
      "repoInfo" : {
        "repoHandle" : "hOTGBdxPVIKchzt-gt-1037225-2021-09-22T18:35:30.128Z::pd.xml"
      },
      "contextAttributes" : null,
      "additionalInfo" : {
        "description" : "Webserive que retorna a Cotação Dolar em Periodo",
        "contentType" : "application/json; charset=utf-8",
        "documentState" : "VALID"
      }
    }
  },
  "dataFileExtension" : "xml",
  "objectRefs" : [ {
    "id" : "6HMF9I33JxVksaplIs5Tsk",
    "name" : "cn-dolar",
    "type" : "AI_CONNECTION",
    "metadata" : {
      "modelVersion" : {
        "major" : 1,
        "minor" : 0
      },
      "repoInfo" : {
        "repoHandle" : "YMjz8Uuopz4KhPV-gt-1948699-2021-09-22T18:35:29.822Z::conn.xml"
      },
      "contextAttributes" : null,
      "additionalInfo" : {
        "description" : "Conexão responsavel por realizar a interafce com Governo e retornar os valores de cotação de compra e venda do dolar.",
        "contentType" : "application/json; charset=utf-8",
        "documentState" : "VALID"
      }
    },
    "path" : "/Explore/Default/Walterson"
  } ]
}