{
  "objectInfo" : {
    "id" : "byPRNlOSVKOfCeuApErrGd",
    "name" : "p_send_data_to_gcs - Copy 1",
    "type" : "PROCESS",
    "metadata" : {
      "modelVersion" : {
        "major" : 1,
        "minor" : 0
      },
      "repoInfo" : {
        "repoHandle" : "XM3jhBjop81V4Ad-gt-10515516-2021-09-24T20:30:18.791Z::pd.xml"
      },
      "contextAttributes" : null,
      "additionalInfo" : {
        "description" : "Processo para validar o token e enviar os dados para o GCS.",
        "contentType" : "application/json; charset=utf-8",
        "documentState" : "INVALID"
      }
    }
  },
  "dataFileExtension" : "xml",
  "objectRefs" : [ {
    "id" : "aBuu5nSrI9mgXfnKST3qQ9",
    "name" : "cn-send-email",
    "type" : "AI_CONNECTION",
    "metadata" : {
      "modelVersion" : {
        "major" : 1,
        "minor" : 0
      },
      "repoInfo" : {
        "repoHandle" : "BZUuopz4KhPVEQr-gt-1025090-2021-09-22T18:35:31.445Z::conn.xml"
      },
      "contextAttributes" : null,
      "additionalInfo" : {
        "description" : "Teste",
        "contentType" : "application/json; charset=utf-8",
        "documentState" : "VALID"
      }
    },
    "path" : "/Explore/Default/Walterson"
  }, {
    "id" : "3VycHfg7jCmfrIClQi0Ew5",
    "name" : "cn-google-cloud-storage",
    "type" : "AI_CONNECTION",
    "metadata" : {
      "modelVersion" : {
        "major" : 1,
        "minor" : 0
      },
      "repoInfo" : {
        "repoHandle" : "VZ6or3rp3yD7tyG-gt-1983271-2021-09-22T18:35:30.77Z::conn.xml"
      },
      "contextAttributes" : null,
      "additionalInfo" : {
        "description" : "",
        "contentType" : "application/json; charset=utf-8",
        "documentState" : "VALID"
      }
    },
    "path" : "/Explore/Default/Walterson"
  } ]
}