{
  "objectInfo" : {
    "id" : "6XVpmXwdks7kH7iOO3HeM8",
    "name" : "p_send_data_to_gcs",
    "type" : "PROCESS",
    "metadata" : {
      "modelVersion" : {
        "major" : 1,
        "minor" : 0
      },
      "repoInfo" : {
        "repoHandle" : "eBt0i98C1LOwD0w-gt-1025064-2021-09-22T18:35:31.066Z::pd.xml"
      },
      "contextAttributes" : null,
      "additionalInfo" : {
        "description" : "Processo para validar o token e enviar os dados para o GCS.",
        "contentType" : "application/json; charset=utf-8",
        "documentState" : "VALID"
      }
    }
  },
  "dataFileExtension" : "xml",
  "objectRefs" : [ {
    "id" : "3VycHfg7jCmfrIClQi0Ew5",
    "name" : "cn-google-cloud-storage",
    "type" : "AI_CONNECTION",
    "metadata" : {
      "modelVersion" : {
        "major" : 1,
        "minor" : 0
      },
      "repoInfo" : {
        "repoHandle" : "VZ6or3rp3yD7tyG-gt-1983271-2021-09-22T18:35:30.77Z::conn.xml"
      },
      "contextAttributes" : null,
      "additionalInfo" : {
        "description" : "",
        "contentType" : "application/json; charset=utf-8",
        "documentState" : "VALID"
      }
    },
    "path" : "/Explore/Default/Walterson"
  } ]
}