{
  "objectInfo" : {
    "id" : "6gZsggKBpaelAwgBfV4FO8",
    "name" : "p_send_cotacao_to_gcs",
    "type" : "PROCESS",
    "metadata" : {
      "modelVersion" : {
        "major" : 1,
        "minor" : 0
      },
      "repoInfo" : {
        "repoHandle" : "sqUlLnzYLnzYLnz-gt-5858119-2021-09-23T16:34:54.304Z::pd.xml"
      },
      "contextAttributes" : null,
      "additionalInfo" : {
        "description" : "Processo geral para enviar uma cotação para o GCS.",
        "contentType" : "application/json; charset=utf-8",
        "documentState" : "VALID"
      }
    }
  },
  "dataFileExtension" : "xml",
  "objectRefs" : [ {
    "id" : "6HMF9I33JxVksaplIs5Tsk",
    "name" : "cn-dolar",
    "type" : "AI_CONNECTION",
    "metadata" : {
      "modelVersion" : {
        "major" : 1,
        "minor" : 0
      },
      "repoInfo" : {
        "repoHandle" : "YMjz8Uuopz4KhPV-gt-1948699-2021-09-22T18:35:29.822Z::conn.xml"
      },
      "contextAttributes" : null,
      "additionalInfo" : {
        "description" : "Conexão responsavel por realizar a interafce com Governo e retornar os valores de cotação de compra e venda do dolar.",
        "contentType" : "application/json; charset=utf-8",
        "documentState" : "VALID"
      }
    },
    "path" : "/Explore/Default/Walterson"
  }, {
    "id" : "6XVpmXwdks7kH7iOO3HeM8",
    "name" : "p_send_data_to_gcs",
    "type" : "PROCESS",
    "metadata" : {
      "modelVersion" : {
        "major" : 1,
        "minor" : 0
      },
      "repoInfo" : {
        "repoHandle" : "eBt0i98C1LOwD0w-gt-1025064-2021-09-22T18:35:31.066Z::pd.xml"
      },
      "contextAttributes" : null,
      "additionalInfo" : {
        "description" : "Processo para validar o token e enviar os dados para o GCS.",
        "contentType" : "application/json; charset=utf-8",
        "documentState" : "VALID"
      }
    },
    "path" : "/Explore/Default/Walterson"
  }, {
    "id" : "5Sak5EstI2PerRtYkOnlMp",
    "name" : "p_get_cotacao_dolar",
    "type" : "PROCESS",
    "metadata" : {
      "modelVersion" : {
        "major" : 1,
        "minor" : 0
      },
      "repoInfo" : {
        "repoHandle" : "hOTGBdxPVIKchzt-gt-1037225-2021-09-22T18:35:30.128Z::pd.xml"
      },
      "contextAttributes" : null,
      "additionalInfo" : {
        "description" : "Webserive que retorna a Cotação Dolar em Periodo",
        "contentType" : "application/json; charset=utf-8",
        "documentState" : "VALID"
      }
    },
    "path" : "/Explore/Default/Walterson"
  }, {
    "id" : "3VycHfg7jCmfrIClQi0Ew5",
    "name" : "cn-google-cloud-storage",
    "type" : "AI_CONNECTION",
    "metadata" : {
      "modelVersion" : {
        "major" : 1,
        "minor" : 0
      },
      "repoInfo" : {
        "repoHandle" : "VZ6or3rp3yD7tyG-gt-1983271-2021-09-22T18:35:30.77Z::conn.xml"
      },
      "contextAttributes" : null,
      "additionalInfo" : {
        "description" : "",
        "contentType" : "application/json; charset=utf-8",
        "documentState" : "VALID"
      }
    },
    "path" : "/Explore/Default/Walterson"
  } ]
}