{
  "objectInfo" : {
    "id" : "aH9MyDJ6UOxhoq9Q4M9wqg",
    "name" : "sc_dolar",
    "type" : "AI_SERVICE_CONNECTOR",
    "metadata" : {
      "modelVersion" : {
        "major" : 1,
        "minor" : 0
      },
      "repoInfo" : {
        "repoHandle" : "LPXUCZ4nzYLnzYL-gt-1983201-2021-09-22T18:35:29.597Z::svc.xml"
      },
      "contextAttributes" : null,
      "additionalInfo" : {
        "description" : "Service connector reponsavel pelos acessos aos metodos da api de DOLAR do Governo.\nhttps://olinda.bcb.gov.br",
        "contentType" : "application/json; charset=utf-8",
        "documentState" : "VALID"
      }
    }
  },
  "dataFileExtension" : "xml",
  "objectRefs" : [ ]
}