{
  "objectInfo" : {
    "id" : "iTZuQm2M0WQjopiM0crC4L",
    "name" : "sc_send_email",
    "type" : "AI_SERVICE_CONNECTOR",
    "metadata" : {
      "modelVersion" : {
        "major" : 1,
        "minor" : 0
      },
      "repoInfo" : {
        "repoHandle" : "rwOQohJvsGRvDIN-gt-1963424-2021-09-22T18:35:31.289Z::svc.xml"
      },
      "contextAttributes" : null,
      "additionalInfo" : {
        "description" : "Service Connectors to send email",
        "contentType" : "application/json; charset=utf-8",
        "documentState" : "VALID"
      }
    }
  },
  "dataFileExtension" : "xml",
  "objectRefs" : [ ]
}