{
  "objectInfo" : {
    "id" : "jd8CQsLySA1hnnsOnwmvMd",
    "name" : "sc_google_cloud_storage",
    "type" : "AI_SERVICE_CONNECTOR",
    "metadata" : {
      "modelVersion" : {
        "major" : 1,
        "minor" : 0
      },
      "repoInfo" : {
        "repoHandle" : "MghDBr3rp3yD7ty-gt-1948753-2021-09-22T18:35:30.617Z::svc.xml"
      },
      "contextAttributes" : null,
      "additionalInfo" : {
        "description" : "Service Connector for Google Cloud Storage",
        "contentType" : null,
        "documentState" : "VALID"
      }
    }
  },
  "dataFileExtension" : "xml",
  "objectRefs" : [ ]
}