<aetgt:getResponse xmlns:aetgt="http://schemas.active-endpoints.com/appmodules/repository/2010/10/avrepository.xsd"
                   xmlns:types1="http://schemas.active-endpoints.com/appmodules/repository/2010/10/avrepository.xsd">
   <types1:Item>
      <types1:EntryId>YMjz8Uuopz4KhPV-gt-1948699-2021-09-22T18:35:29.822Z::conn.xml</types1:EntryId>
      <types1:Name>cn-dolar-1</types1:Name>
      <types1:ParentFlowIds>hOTGBdxPVIKchzt-gt-1037225-2021-09-22T18:35:30.128Z::pd.xml</types1:ParentFlowIds>
      <types1:MimeType>application/xml+connection</types1:MimeType>
      <types1:Description>Conexão responsavel por realizar a interafce com Governo e retornar os valores de cotação de compra e venda do dolar.</types1:Description>
      <types1:AppliesTo/>
      <types1:Tags/>
      <types1:VersionLabel>1.0</types1:VersionLabel>
      <types1:State>CURRENT</types1:State>
      <types1:ProcessGroup/>
      <types1:CreatedBy>walterson.quiais@latampartners-dev.org</types1:CreatedBy>
      <types1:CreationDate>2021-09-22T18:35:30Z</types1:CreationDate>
      <types1:ModifiedBy>walterson.quiais@latampartners-dev.org</types1:ModifiedBy>
      <types1:ModificationDate>2021-09-22T18:45:50Z</types1:ModificationDate>
      <types1:PublicationStatus>published</types1:PublicationStatus>
      <types1:PublishedBy>walterson.quiais@latampartners-dev.org</types1:PublishedBy>
      <types1:PublicationDate>2021-09-22T18:46:07Z</types1:PublicationDate>
      <types1:PublishedContributionId>project:/rt.connection/cn-dolar-1/cn-dolar-1.conn.xml</types1:PublishedContributionId>
      <types1:AutosaveExists>false</types1:AutosaveExists>
      <types1:Entry>
         <connection xmlns="http://schemas.informatica.com/socrates/data-services/2014/04/avosConnections.xsd"
                     displayName="cn-dolar"
                     label="cn-dolar-1"
                     name="cn-dolar-1">
            <description>Conexão responsavel por realizar a interafce com Governo e retornar os valores de cotação de compra e venda do dolar.</description>
            <tags/>
            <agent/>
            <attributes>
               <attribute encrypted="false" name="url" value="https://olinda.bcb.gov.br"/>
            </attributes>
            <businessConnector xmlns="http://schemas.informatica.com/appmodules/screenflow/2014/04/avosConnectors.xsd"
                               agentOnly="false"
                               connectorPath="project:/rt.connector/sc_dolar_1/sc_dolar_1_svcDef.xml"
                               guid="aH9MyDJ6UOxhoq9Q4M9wqg"
                               name="sc_dolar-1"
                               supportsConnectionTest="false"
                               uuid="3e7a4b58-f3f8-4df9-bad0-59971c1d8a18">
               <description>Service connector reponsavel pelos acessos aos metodos da api de DOLAR do Governo.
https://olinda.bcb.gov.br</description>
            </businessConnector>
         </connection>
      </types1:Entry>
      <types1:GUID>6HMF9I33JxVksaplIs5Tsk</types1:GUID>
      <types1:DisplayName>cn-dolar</types1:DisplayName>
   </types1:Item>
   <types1:CurrentServerDateTime>2022-02-02T20:28:02.022Z</types1:CurrentServerDateTime>
</aetgt:getResponse>
