<aetgt:getResponse xmlns:aetgt="http://schemas.active-endpoints.com/appmodules/repository/2010/10/avrepository.xsd"
                   xmlns:types1="http://schemas.active-endpoints.com/appmodules/repository/2010/10/avrepository.xsd">
   <types1:Item>
      <types1:EntryId>VZ6or3rp3yD7tyG-gt-1983271-2021-09-22T18:35:30.77Z::conn.xml</types1:EntryId>
      <types1:Name>cn-google-cloud-storage-1</types1:Name>
      <types1:ParentFlowIds>eBt0i98C1LOwD0w-gt-1025064-2021-09-22T18:35:31.066Z::pd.xml,XM3jhBjop81V4Ad-gt-10515516-2021-09-24T20:30:18.791Z::pd.xml</types1:ParentFlowIds>
      <types1:MimeType>application/xml+connection</types1:MimeType>
      <types1:Description/>
      <types1:AppliesTo/>
      <types1:Tags>.agent:iics-hvar-agent</types1:Tags>
      <types1:VersionLabel>1.0</types1:VersionLabel>
      <types1:State>CURRENT</types1:State>
      <types1:ProcessGroup/>
      <types1:CreatedBy>walterson.quiais@latampartners-dev.org</types1:CreatedBy>
      <types1:CreationDate>2021-09-22T18:35:31Z</types1:CreationDate>
      <types1:ModifiedBy>walterson.quiais@latampartners-dev.org</types1:ModifiedBy>
      <types1:ModificationDate>2021-09-22T18:47:34Z</types1:ModificationDate>
      <types1:PublicationStatus>published</types1:PublicationStatus>
      <types1:PublishedBy>walterson.quiais@latampartners-dev.org</types1:PublishedBy>
      <types1:PublicationDate>2021-09-22T18:47:52Z</types1:PublicationDate>
      <types1:PublishedContributionId>project:/rt.connection/cn-google-cloud-storage-1/cn-google-cloud-storage-1.conn.xml</types1:PublishedContributionId>
      <types1:AutosaveExists>false</types1:AutosaveExists>
      <types1:Entry>
         <connection xmlns="http://schemas.informatica.com/socrates/data-services/2014/04/avosConnections.xsd"
                     displayName="cn-google-cloud-storage"
                     label="cn-google-cloud-storage-1"
                     name="cn-google-cloud-storage-1">
            <description/>
            <tags>.agent:iics-hvar-agent</tags>
            <agent>iics-hvar-agent</agent>
            <attributes/>
            <businessConnector xmlns="http://schemas.informatica.com/appmodules/screenflow/2014/04/avosConnectors.xsd"
                               agentOnly="true"
                               connectorPath="project:/rt.connector/sc_google_cloud_storage_2/sc_google_cloud_storage_2_svcDef.xml"
                               guid="jd8CQsLySA1hnnsOnwmvMd"
                               name="sc_google_cloud_storage-2"
                               supportsConnectionTest="false"
                               uuid="0a82e089-ea02-4fd3-802c-b75e0058de17">
               <description>Service Connector for Google Cloud Storage</description>
            </businessConnector>
         </connection>
      </types1:Entry>
      <types1:GUID>3VycHfg7jCmfrIClQi0Ew5</types1:GUID>
      <types1:DisplayName>cn-google-cloud-storage</types1:DisplayName>
   </types1:Item>
   <types1:CurrentServerDateTime>2022-02-02T20:28:01.937Z</types1:CurrentServerDateTime>
</aetgt:getResponse>
