<aetgt:getResponse xmlns:aetgt="http://schemas.active-endpoints.com/appmodules/repository/2010/10/avrepository.xsd"
                   xmlns:types1="http://schemas.active-endpoints.com/appmodules/repository/2010/10/avrepository.xsd">
   <types1:Item>
      <types1:EntryId>LPXUCZ4nzYLnzYL-gt-1983201-2021-09-22T18:35:29.597Z::svc.xml</types1:EntryId>
      <types1:Name>sc_dolar-1</types1:Name>
      <types1:ParentFlowIds>YMjz8Uuopz4KhPV-gt-1948699-2021-09-22T18:35:29.822Z::conn.xml</types1:ParentFlowIds>
      <types1:MimeType>application/xml+businesssconnector</types1:MimeType>
      <types1:Description>Service connector reponsavel pelos acessos aos metodos da api de DOLAR do Governo.
https://olinda.bcb.gov.br</types1:Description>
      <types1:AppliesTo/>
      <types1:Tags/>
      <types1:VersionLabel>1.0</types1:VersionLabel>
      <types1:State>CURRENT</types1:State>
      <types1:ProcessGroup/>
      <types1:CreatedBy>walterson.quiais@latampartners-dev.org</types1:CreatedBy>
      <types1:CreationDate>2021-09-22T18:35:30Z</types1:CreationDate>
      <types1:ModifiedBy>walterson.quiais@latampartners-dev.org</types1:ModifiedBy>
      <types1:ModificationDate>2021-09-22T18:45:11Z</types1:ModificationDate>
      <types1:PublicationStatus>published</types1:PublicationStatus>
      <types1:PublishedBy>walterson.quiais@latampartners-dev.org</types1:PublishedBy>
      <types1:PublicationDate>2021-09-22T18:45:14Z</types1:PublicationDate>
      <types1:PublishedContributionId>project:/rt.connector/sc_dolar_1/sc_dolar_1_svcDef.xml</types1:PublishedContributionId>
      <types1:AutosaveExists>false</types1:AutosaveExists>
      <types1:Entry>
         <businessConnector xmlns="http://schemas.informatica.com/socrates/data-services/2014/05/business-connector-model.xsd"
                            agentOnly="false"
                            debug="false"
                            displayName="sc_dolar"
                            label=""
                            name="sc_dolar-1"
                            uuid="3e7a4b58-f3f8-4df9-bad0-59971c1d8a18">
            <description>Service connector reponsavel pelos acessos aos metodos da api de DOLAR do Governo.
https://olinda.bcb.gov.br</description>
            <tags/>
            <connectionAttributes xmlns="http://schemas.informatica.com/appmodules/screenflow/2014/04/avosConnectors.xsd">
               <connectionAttribute description="Url de Origem do Serviço"
                                    masked="false"
                                    name="url"
                                    required="true"
                                    testWith="https://olinda.bcb.gov.br"
                                    type="string"/>
            </connectionAttributes>
            <actions>
               <action category="GET"
                       failOnError="true"
                       forSearch="false"
                       label="Get Dolar Periodo"
                       maxRedirects="100"
                       name="Get Dolar Periodo"
                       preemptiveAuth="true"
                       responseEncoding="">
                  <description>Metodo que retorna a Cotação Dolar em Periodo</description>
                  <input>
                     <parameter description="Data de inicio da Consulta"
                                name="Data_Inicio"
                                nogen="true"
                                required="true"
                                testWith="01-01-2021"
                                type="string"/>
                     <parameter description="Data de Fim da Consulta"
                                name="Data_Fim"
                                nogen="true"
                                required="true"
                                testWith="09-01-2021"
                                type="string"/>
                  </input>
                  <binding>
                     <restSimpleBinding multiUsing="semicolonSeparated"
                                        url="{$url}/olinda/servico/PTAX/versao/v1/odata/CotacaoDolarPeriodo(dataInicial=@dataInicial,dataFinalCotacao=@dataFinalCotacao)?@dataInicial='{$Data_Inicio}'&amp;amp;@dataFinalCotacao='{$Data_Fim}'&amp;amp;$top=100&amp;amp;$format=json&amp;amp;$select=cotacaoCompra,cotacaoVenda,dataHoraCotacao"
                                        verb="GET"/>
                  </binding>
                  <output>
                     <field description="Return da cotação de compra e venda do dolar em determinado periodo."
                            name="return_get_cotacao_periodo"
                            type="reference"
                            xmlElement=".">
                        <options>
                           <option name="referenceTo">root</option>
                        </options>
                     </field>
                  </output>
               </action>
            </actions>
            <objects>
               <processObject xmlns="http://schemas.active-endpoints.com/appmodules/screenflow/2011/06/avosHostEnvironment.xsd"
                              isByCopy="true"
                              name="root">
                  <description>An automatically generated process object</description>
                  <detail>
                     <field name="odata" type="string"/>
                     <field name="value" type="objectlist">
                        <options>
                           <option name="referenceTo">value</option>
                           <option name="relationshipName">Child</option>
                        </options>
                     </field>
                  </detail>
               </processObject>
               <processObject xmlns="http://schemas.active-endpoints.com/appmodules/screenflow/2011/06/avosHostEnvironment.xsd"
                              isByCopy="true"
                              name="value">
                  <description>An automatically generated process object</description>
                  <detail>
                     <field name="cotacaoCompra" type="double"/>
                     <field name="cotacaoVenda" type="double"/>
                     <field name="dataHoraCotacao" type="string"/>
                  </detail>
               </processObject>
            </objects>
         </businessConnector>
      </types1:Entry>
      <types1:GUID>aH9MyDJ6UOxhoq9Q4M9wqg</types1:GUID>
      <types1:DisplayName>sc_dolar</types1:DisplayName>
   </types1:Item>
   <types1:CurrentServerDateTime>2022-02-02T20:28:01.815Z</types1:CurrentServerDateTime>
</aetgt:getResponse>
