<aetgt:getResponse xmlns:aetgt="http://schemas.active-endpoints.com/appmodules/repository/2010/10/avrepository.xsd"
                   xmlns:types1="http://schemas.active-endpoints.com/appmodules/repository/2010/10/avrepository.xsd">
   <types1:Item>
      <types1:EntryId>9Ei4tciSrZMSPfX-gt-1676061-2021-09-22T18:35:31.982Z::tf.xml</types1:EntryId>
      <types1:Name>tf_send_email-1</types1:Name>
      <types1:MimeType>application/xml+taskflow</types1:MimeType>
      <types1:Description>Description</types1:Description>
      <types1:AppliesTo/>
      <types1:Tags/>
      <types1:VersionLabel>1.0</types1:VersionLabel>
      <types1:State>CURRENT</types1:State>
      <types1:ProcessGroup/>
      <types1:CreatedBy>walterson.quiais@latampartners-dev.org</types1:CreatedBy>
      <types1:CreationDate>2021-09-22T18:35:32Z</types1:CreationDate>
      <types1:ModifiedBy>walterson.quiais@latampartners-dev.org</types1:ModifiedBy>
      <types1:ModificationDate>2021-09-27T12:26:05Z</types1:ModificationDate>
      <types1:PublicationStatus>published</types1:PublicationStatus>
      <types1:PublishedBy>walterson.quiais@latampartners-dev.org</types1:PublishedBy>
      <types1:PublicationDate>2021-09-27T12:32:35Z</types1:PublicationDate>
      <types1:PublishedContributionId>project:/tf.tf_send_email-1/tf_send_email-1.tf.xml</types1:PublishedContributionId>
      <types1:AutosaveExists>false</types1:AutosaveExists>
      <types1:Entry>
         <taskflow xmlns="http://schemas.active-endpoints.com/appmodules/screenflow/2010/10/avosScreenflow.xsd"
                   xmlns:tfm="http://schemas.active-endpoints.com/appmodules/screenflow/2021/04/taskflowModel.xsd"
                   xmlns:list="urn:activevos:spi:list:functions"
                   displayName="tf_send_email"
                   name="tf_send_email-1"
                   overrideAPIName="false">
            <parameterSet xmlns="http://schemas.active-endpoints.com/appmodules/screenflow/2021/04/taskflowModel.xsd"/>
            <appliesTo/>
            <description>Description</description>
            <tags/>
            <generator>Informatica Process Designer 11</generator>
            <input>
               <parameter description="" name="Titulo do Email" type="string">
                  <options>
                     <option name="required">false</option>
                  </options>
               </parameter>
               <parameter description="" name="Corpo do Email" type="string">
                  <options>
                     <option name="required">false</option>
                  </options>
               </parameter>
               <parameter description="" name="Para " type="string">
                  <options>
                     <option name="required">false</option>
                  </options>
               </parameter>
               <parameter description="" name="CC" type="string">
                  <options>
                     <option name="required">false</option>
                  </options>
               </parameter>
            </input>
            <notes/>
            <deployment suspendOnFault="false" tracingLevel="verbose">
               <rest>
                  <allowedGroups>
                     <group>Group Serice Consumer</group>
                     <group>Admin</group>
                  </allowedGroups>
               </rest>
            </deployment>
            <flow id="a">
               <start id="b">
                  <link id="ktvjwdli" targetId="ktvjwdlh"/>
               </start>
               <service id="ktvjwdlh">
                  <title>Notification Task</title>
                  <serviceName>emailNotificationService</serviceName>
                  <serviceGUID/>
                  <serviceInput>
                     <parameter name="Email To" source="constant">{$input.Para}</parameter>
                     <parameter name="Email Cc" source="constant">{$input.CC}</parameter>
                     <parameter name="Email Subject" source="constant">{$input.TitulodoEmail}</parameter>
                     <parameter name="Email Content Type" source="constant">text</parameter>
                     <parameter name="Email Body" source="formula">
                        <expression language="XQuery">'Erro padrão encontrado no processo XXXX' ||
$input.CorpodoEmail </expression>
                     </parameter>
                  </serviceInput>
                  <serviceOutput/>
                  <link id="ktvjwdlj" targetId="c"/>
               </service>
               <end id="c"/>
            </flow>
         </taskflow>
      </types1:Entry>
      <types1:GUID>fsiysb2ZRS1bpLLH1m3Ikw</types1:GUID>
      <types1:DisplayName>tf_send_email</types1:DisplayName>
   </types1:Item>
   <types1:CurrentServerDateTime>2022-02-02T20:28:01.651Z</types1:CurrentServerDateTime>
</aetgt:getResponse>
